[
{
  "model": "admin_interface.theme",
  "pk": 1,
  "fields": {
    "name": "Django",
    "active": false,
    "title": "Django administration",
    "title_color": "#F5DD5D",
    "title_visible": true,
    "logo": "",
    "logo_color": "#FFFFFF",
    "logo_max_width": 400,
    "logo_max_height": 100,
    "logo_visible": true,
    "favicon": "",
    "env_name": "",
    "env_color": "#E74C3C",
    "env_visible_in_header": true,
    "env_visible_in_favicon": true,
    "language_chooser_active": true,
    "language_chooser_display": "code",
    "css_header_background_color": "#0C4B33",
    "css_header_text_color": "#44B78B",
    "css_header_link_color": "#FFFFFF",
    "css_header_link_hover_color": "#C9F0DD",
    "css_module_background_color": "#44B78B",
    "css_module_background_selected_color": "#FFFFCC",
    "css_module_text_color": "#FFFFFF",
    "css_module_link_color": "#FFFFFF",
    "css_module_link_selected_color": "#FFFFFF",
    "css_module_link_hover_color": "#C9F0DD",
    "css_module_rounded_corners": true,
    "css_generic_link_color": "#0C3C26",
    "css_generic_link_hover_color": "#156641",
    "css_save_button_background_color": "#0C4B33",
    "css_save_button_background_hover_color": "#0C3C26",
    "css_save_button_text_color": "#FFFFFF",
    "css_delete_button_background_color": "#BA2121",
    "css_delete_button_background_hover_color": "#A41515",
    "css_delete_button_text_color": "#FFFFFF",
    "related_modal_active": true,
    "related_modal_background_color": "#000000",
    "related_modal_background_opacity": "0.3",
    "related_modal_rounded_corners": true,
    "related_modal_close_button_visible": true,
    "list_filter_dropdown": true,
    "list_filter_sticky": true,
    "foldable_apps": true,
    "recent_actions_visible": true,
    "form_submit_sticky": false,
    "form_pagination_sticky": false
  }
},
{
  "model": "admin_interface.theme",
  "pk": 2,
  "fields": {
    "name": "th\u00e8me2",
    "active": true,
    "title": "Administration",
    "title_color": "#E1DCC1",
    "title_visible": true,
    "logo": "admin-interface/logo/logo-white_R8FoTLS.png",
    "logo_color": "#FFFFFF",
    "logo_max_width": 400,
    "logo_max_height": 100,
    "logo_visible": true,
    "favicon": "",
    "env_name": "T-Shop",
    "env_color": "#0A1D2D",
    "env_visible_in_header": true,
    "env_visible_in_favicon": true,
    "language_chooser_active": true,
    "language_chooser_display": "code",
    "css_header_background_color": "#0A1D2D",
    "css_header_text_color": "#1B4F7B",
    "css_header_link_color": "#FFFFFF",
    "css_header_link_hover_color": "#C9F0DD",
    "css_module_background_color": "#102E47",
    "css_module_background_selected_color": "#FFFFCC",
    "css_module_text_color": "#FFFFFF",
    "css_module_link_color": "#FFFFFF",
    "css_module_link_selected_color": "#FFFFFF",
    "css_module_link_hover_color": "#C9F0DD",
    "css_module_rounded_corners": true,
    "css_generic_link_color": "#0A1D2D",
    "css_generic_link_hover_color": "#153A5B",
    "css_save_button_background_color": "#0A1D2D",
    "css_save_button_background_hover_color": "#102E47",
    "css_save_button_text_color": "#FFFFFF",
    "css_delete_button_background_color": "#DFA95D",
    "css_delete_button_background_hover_color": "#D09D57",
    "css_delete_button_text_color": "#FFFFFF",
    "related_modal_active": true,
    "related_modal_background_color": "#000000",
    "related_modal_background_opacity": "0.3",
    "related_modal_rounded_corners": true,
    "related_modal_close_button_visible": true,
    "list_filter_dropdown": true,
    "list_filter_sticky": true,
    "foldable_apps": true,
    "recent_actions_visible": true,
    "form_submit_sticky": false,
    "form_pagination_sticky": false
  }
},
{
  "model": "admin_interface.theme",
  "pk": 3,
  "fields": {
    "name": "T-Shop",
    "active": false,
    "title": "Administration Django",
    "title_color": "#F5DD5D",
    "title_visible": true,
    "logo": "",
    "logo_color": "#FFFFFF",
    "logo_max_width": 400,
    "logo_max_height": 100,
    "logo_visible": true,
    "favicon": "",
    "env_name": "",
    "env_color": "#E74C3C",
    "env_visible_in_header": true,
    "env_visible_in_favicon": true,
    "language_chooser_active": true,
    "language_chooser_display": "code",
    "css_header_background_color": "#0C4B33",
    "css_header_text_color": "#44B78B",
    "css_header_link_color": "#FFFFFF",
    "css_header_link_hover_color": "#C9F0DD",
    "css_module_background_color": "#44B78B",
    "css_module_background_selected_color": "#FFFFCC",
    "css_module_text_color": "#FFFFFF",
    "css_module_link_color": "#FFFFFF",
    "css_module_link_selected_color": "#FFFFFF",
    "css_module_link_hover_color": "#C9F0DD",
    "css_module_rounded_corners": true,
    "css_generic_link_color": "#0C3C26",
    "css_generic_link_hover_color": "#156641",
    "css_save_button_background_color": "#0C4B33",
    "css_save_button_background_hover_color": "#0C3C26",
    "css_save_button_text_color": "#FFFFFF",
    "css_delete_button_background_color": "#BA2121",
    "css_delete_button_background_hover_color": "#A41515",
    "css_delete_button_text_color": "#FFFFFF",
    "related_modal_active": true,
    "related_modal_background_color": "#000000",
    "related_modal_background_opacity": "0.3",
    "related_modal_rounded_corners": true,
    "related_modal_close_button_visible": true,
    "list_filter_dropdown": true,
    "list_filter_sticky": true,
    "foldable_apps": true,
    "recent_actions_visible": true,
    "form_submit_sticky": false,
    "form_pagination_sticky": false
  }
},
{
  "model": "contenttypes.contenttype",
  "pk": 1,
  "fields": {
    "app_label": "admin_interface",
    "model": "theme"
  }
},
{
  "model": "contenttypes.contenttype",
  "pk": 2,
  "fields": {
    "app_label": "admin",
    "model": "logentry"
  }
},
{
  "model": "contenttypes.contenttype",
  "pk": 3,
  "fields": {
    "app_label": "auth",
    "model": "permission"
  }
},
{
  "model": "contenttypes.contenttype",
  "pk": 4,
  "fields": {
    "app_label": "auth",
    "model": "group"
  }
},
{
  "model": "contenttypes.contenttype",
  "pk": 5,
  "fields": {
    "app_label": "contenttypes",
    "model": "contenttype"
  }
},
{
  "model": "contenttypes.contenttype",
  "pk": 6,
  "fields": {
    "app_label": "sessions",
    "model": "session"
  }
},
{
  "model": "contenttypes.contenttype",
  "pk": 7,
  "fields": {
    "app_label": "flatpages",
    "model": "flatpage"
  }
},
{
  "model": "contenttypes.contenttype",
  "pk": 8,
  "fields": {
    "app_label": "sites",
    "model": "site"
  }
},
{
  "model": "contenttypes.contenttype",
  "pk": 9,
  "fields": {
    "app_label": "accounts",
    "model": "customuser"
  }
},
{
  "model": "contenttypes.contenttype",
  "pk": 10,
  "fields": {
    "app_label": "store",
    "model": "category"
  }
},
{
  "model": "contenttypes.contenttype",
  "pk": 11,
  "fields": {
    "app_label": "store",
    "model": "customer"
  }
},
{
  "model": "contenttypes.contenttype",
  "pk": 12,
  "fields": {
    "app_label": "store",
    "model": "marque"
  }
},
{
  "model": "contenttypes.contenttype",
  "pk": 13,
  "fields": {
    "app_label": "store",
    "model": "order"
  }
},
{
  "model": "contenttypes.contenttype",
  "pk": 14,
  "fields": {
    "app_label": "store",
    "model": "shippingaddress"
  }
},
{
  "model": "contenttypes.contenttype",
  "pk": 15,
  "fields": {
    "app_label": "store",
    "model": "product"
  }
},
{
  "model": "contenttypes.contenttype",
  "pk": 16,
  "fields": {
    "app_label": "store",
    "model": "orderitem"
  }
},
{
  "model": "contenttypes.contenttype",
  "pk": 17,
  "fields": {
    "app_label": "store",
    "model": "tag"
  }
},
{
  "model": "contenttypes.contenttype",
  "pk": 18,
  "fields": {
    "app_label": "store",
    "model": "productimage"
  }
},
{
  "model": "contenttypes.contenttype",
  "pk": 19,
  "fields": {
    "app_label": "account",
    "model": "emailaddress"
  }
},
{
  "model": "contenttypes.contenttype",
  "pk": 20,
  "fields": {
    "app_label": "account",
    "model": "emailconfirmation"
  }
},
{
  "model": "contenttypes.contenttype",
  "pk": 21,
  "fields": {
    "app_label": "socialaccount",
    "model": "socialaccount"
  }
},
{
  "model": "contenttypes.contenttype",
  "pk": 22,
  "fields": {
    "app_label": "socialaccount",
    "model": "socialapp"
  }
},
{
  "model": "contenttypes.contenttype",
  "pk": 23,
  "fields": {
    "app_label": "socialaccount",
    "model": "socialtoken"
  }
},
{
  "model": "sessions.session",
  "pk": "1qs50mr6pixh9goh7dqzprjumcmbf9kq",
  "fields": {
    "session_data": "YWQ5MGYzMjUzM2ZkMDQ3N2U1NjMzZWViZWQxZTRiYjNhNGNmOGEzNjp7Il9hdXRoX3VzZXJfaWQiOiIxIiwiX2F1dGhfdXNlcl9iYWNrZW5kIjoiZGphbmdvLmNvbnRyaWIuYXV0aC5iYWNrZW5kcy5Nb2RlbEJhY2tlbmQiLCJfYXV0aF91c2VyX2hhc2giOiI3ODNiZTIxMjIxMDJkZGQyMGZlYmQwZjE3Yjk4YTUzZTFhNjRhOTA2In0=",
    "expire_date": "2022-07-31T02:40:54.744Z"
  }
},
{
  "model": "sessions.session",
  "pk": "3l07yxkhyg5m9vhhai5hadn41bq5zwd2",
  "fields": {
    "session_data": "YWQ5MGYzMjUzM2ZkMDQ3N2U1NjMzZWViZWQxZTRiYjNhNGNmOGEzNjp7Il9hdXRoX3VzZXJfaWQiOiIxIiwiX2F1dGhfdXNlcl9iYWNrZW5kIjoiZGphbmdvLmNvbnRyaWIuYXV0aC5iYWNrZW5kcy5Nb2RlbEJhY2tlbmQiLCJfYXV0aF91c2VyX2hhc2giOiI3ODNiZTIxMjIxMDJkZGQyMGZlYmQwZjE3Yjk4YTUzZTFhNjRhOTA2In0=",
    "expire_date": "2022-07-10T13:55:40.113Z"
  }
},
{
  "model": "sessions.session",
  "pk": "5a78s9obm3tg7rb794v6qb78vcp8fa4i",
  "fields": {
    "session_data": "YWQ5MGYzMjUzM2ZkMDQ3N2U1NjMzZWViZWQxZTRiYjNhNGNmOGEzNjp7Il9hdXRoX3VzZXJfaWQiOiIxIiwiX2F1dGhfdXNlcl9iYWNrZW5kIjoiZGphbmdvLmNvbnRyaWIuYXV0aC5iYWNrZW5kcy5Nb2RlbEJhY2tlbmQiLCJfYXV0aF91c2VyX2hhc2giOiI3ODNiZTIxMjIxMDJkZGQyMGZlYmQwZjE3Yjk4YTUzZTFhNjRhOTA2In0=",
    "expire_date": "2022-07-10T11:53:00.297Z"
  }
},
{
  "model": "sessions.session",
  "pk": "6g462t16h436h360koar7hv2o51m0ld5",
  "fields": {
    "session_data": "YWQ5MGYzMjUzM2ZkMDQ3N2U1NjMzZWViZWQxZTRiYjNhNGNmOGEzNjp7Il9hdXRoX3VzZXJfaWQiOiIxIiwiX2F1dGhfdXNlcl9iYWNrZW5kIjoiZGphbmdvLmNvbnRyaWIuYXV0aC5iYWNrZW5kcy5Nb2RlbEJhY2tlbmQiLCJfYXV0aF91c2VyX2hhc2giOiI3ODNiZTIxMjIxMDJkZGQyMGZlYmQwZjE3Yjk4YTUzZTFhNjRhOTA2In0=",
    "expire_date": "2022-07-27T20:55:12.622Z"
  }
},
{
  "model": "sessions.session",
  "pk": "d7h04hfvkrazytjm0on64t3ld97vnaor",
  "fields": {
    "session_data": "YWQ5MGYzMjUzM2ZkMDQ3N2U1NjMzZWViZWQxZTRiYjNhNGNmOGEzNjp7Il9hdXRoX3VzZXJfaWQiOiIxIiwiX2F1dGhfdXNlcl9iYWNrZW5kIjoiZGphbmdvLmNvbnRyaWIuYXV0aC5iYWNrZW5kcy5Nb2RlbEJhY2tlbmQiLCJfYXV0aF91c2VyX2hhc2giOiI3ODNiZTIxMjIxMDJkZGQyMGZlYmQwZjE3Yjk4YTUzZTFhNjRhOTA2In0=",
    "expire_date": "2022-07-08T07:30:53.794Z"
  }
},
{
  "model": "sessions.session",
  "pk": "hwe2cxak47psvnk6hyo1s6tjci9mf52c",
  "fields": {
    "session_data": "YWQ5MGYzMjUzM2ZkMDQ3N2U1NjMzZWViZWQxZTRiYjNhNGNmOGEzNjp7Il9hdXRoX3VzZXJfaWQiOiIxIiwiX2F1dGhfdXNlcl9iYWNrZW5kIjoiZGphbmdvLmNvbnRyaWIuYXV0aC5iYWNrZW5kcy5Nb2RlbEJhY2tlbmQiLCJfYXV0aF91c2VyX2hhc2giOiI3ODNiZTIxMjIxMDJkZGQyMGZlYmQwZjE3Yjk4YTUzZTFhNjRhOTA2In0=",
    "expire_date": "2022-06-10T15:50:03.432Z"
  }
},
{
  "model": "sessions.session",
  "pk": "iyahnx6ssn41axsm40dbljzipmvpgivz",
  "fields": {
    "session_data": "YWQ5MGYzMjUzM2ZkMDQ3N2U1NjMzZWViZWQxZTRiYjNhNGNmOGEzNjp7Il9hdXRoX3VzZXJfaWQiOiIxIiwiX2F1dGhfdXNlcl9iYWNrZW5kIjoiZGphbmdvLmNvbnRyaWIuYXV0aC5iYWNrZW5kcy5Nb2RlbEJhY2tlbmQiLCJfYXV0aF91c2VyX2hhc2giOiI3ODNiZTIxMjIxMDJkZGQyMGZlYmQwZjE3Yjk4YTUzZTFhNjRhOTA2In0=",
    "expire_date": "2022-07-27T20:51:04.430Z"
  }
},
{
  "model": "sessions.session",
  "pk": "j0ne03qgqxqv82y51j6mznqk04wa10xh",
  "fields": {
    "session_data": "NDk0ZWNlNjU0Y2YxMjY2OWQ1MjQ4MTUwYWJiYTMwODU1YmJkYWMyNzp7Il9hdXRoX3VzZXJfaWQiOiIyIiwiX2F1dGhfdXNlcl9iYWNrZW5kIjoiZGphbmdvLmNvbnRyaWIuYXV0aC5iYWNrZW5kcy5Nb2RlbEJhY2tlbmQiLCJfYXV0aF91c2VyX2hhc2giOiJhYjk0ZDNhNmZjNGZlZDJjMjhjNzk5NDMwMmIwMDhkMGIwYzQ1MTE4In0=",
    "expire_date": "2022-06-08T22:52:20.486Z"
  }
},
{
  "model": "sessions.session",
  "pk": "j49c5csdqitmbom5il74pdf7mi7mz0ge",
  "fields": {
    "session_data": "MTRkYmMzMjA5ODEyMTdmNmE1NmUzN2UzYzdmYzM3ZGMzZTc4NDY1MTp7Il9hdXRoX3VzZXJfaWQiOiI1IiwiX2F1dGhfdXNlcl9iYWNrZW5kIjoiZGphbmdvLmNvbnRyaWIuYXV0aC5iYWNrZW5kcy5Nb2RlbEJhY2tlbmQiLCJfYXV0aF91c2VyX2hhc2giOiI1NzkzNjI0MTNkNWQzM2FkZWE1Yzc2NjI5MGM3ZjM1YWI3OWJmMTRlIn0=",
    "expire_date": "2022-07-06T09:01:56.834Z"
  }
},
{
  "model": "sessions.session",
  "pk": "ke5c4tho56w0hs00rpdncb67noj484da",
  "fields": {
    "session_data": "YWQ5MGYzMjUzM2ZkMDQ3N2U1NjMzZWViZWQxZTRiYjNhNGNmOGEzNjp7Il9hdXRoX3VzZXJfaWQiOiIxIiwiX2F1dGhfdXNlcl9iYWNrZW5kIjoiZGphbmdvLmNvbnRyaWIuYXV0aC5iYWNrZW5kcy5Nb2RlbEJhY2tlbmQiLCJfYXV0aF91c2VyX2hhc2giOiI3ODNiZTIxMjIxMDJkZGQyMGZlYmQwZjE3Yjk4YTUzZTFhNjRhOTA2In0=",
    "expire_date": "2022-06-19T14:31:23.947Z"
  }
},
{
  "model": "sessions.session",
  "pk": "oz2ofuqv77tve9c5nrvrxyoasluvyzw9",
  "fields": {
    "session_data": "NWRkMTA1NmJkOTNiNDU1NGYyOGFlMjkwYzgwM2MxOThhYjAwZjY2Zjp7Il9hdXRoX3VzZXJfaWQiOiI0IiwiX2F1dGhfdXNlcl9iYWNrZW5kIjoiZGphbmdvLmNvbnRyaWIuYXV0aC5iYWNrZW5kcy5Nb2RlbEJhY2tlbmQiLCJfYXV0aF91c2VyX2hhc2giOiI1NzkzNjI0MTNkNWQzM2FkZWE1Yzc2NjI5MGM3ZjM1YWI3OWJmMTRlIn0=",
    "expire_date": "2022-06-10T15:23:22.482Z"
  }
},
{
  "model": "sessions.session",
  "pk": "qs8iyfsmeyzzh5o2qldbkqsjgaohdjc3",
  "fields": {
    "session_data": "YWQ5MGYzMjUzM2ZkMDQ3N2U1NjMzZWViZWQxZTRiYjNhNGNmOGEzNjp7Il9hdXRoX3VzZXJfaWQiOiIxIiwiX2F1dGhfdXNlcl9iYWNrZW5kIjoiZGphbmdvLmNvbnRyaWIuYXV0aC5iYWNrZW5kcy5Nb2RlbEJhY2tlbmQiLCJfYXV0aF91c2VyX2hhc2giOiI3ODNiZTIxMjIxMDJkZGQyMGZlYmQwZjE3Yjk4YTUzZTFhNjRhOTA2In0=",
    "expire_date": "2022-07-04T15:42:03.830Z"
  }
},
{
  "model": "sessions.session",
  "pk": "rekwd2b6p2o82d64pouu5nbxsoeljast",
  "fields": {
    "session_data": "YWQ5MGYzMjUzM2ZkMDQ3N2U1NjMzZWViZWQxZTRiYjNhNGNmOGEzNjp7Il9hdXRoX3VzZXJfaWQiOiIxIiwiX2F1dGhfdXNlcl9iYWNrZW5kIjoiZGphbmdvLmNvbnRyaWIuYXV0aC5iYWNrZW5kcy5Nb2RlbEJhY2tlbmQiLCJfYXV0aF91c2VyX2hhc2giOiI3ODNiZTIxMjIxMDJkZGQyMGZlYmQwZjE3Yjk4YTUzZTFhNjRhOTA2In0=",
    "expire_date": "2022-07-10T11:52:11.382Z"
  }
},
{
  "model": "sites.site",
  "pk": 1,
  "fields": {
    "domain": "example.com",
    "name": "example.com"
  }
},
{
  "model": "sites.site",
  "pk": 2,
  "fields": {
    "domain": "127.0.0.1:8000",
    "name": "127.0.0.1:8000"
  }
},
{
  "model": "socialaccount.socialapp",
  "pk": 1,
  "fields": {
    "provider": "google",
    "name": "OauthApp",
    "client_id": "287596565061-73taqqrco1shi2951h2l46p7l9296aff.apps.googleusercontent.com",
    "secret": "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",
    "key": "",
    "sites": [
      2
    ]
  }
},
{
  "model": "store.tag",
  "pk": 1,
  "fields": {
    "name": "carousel"
  }
},
{
  "model": "store.category",
  "pk": 1,
  "fields": {
    "name": "Accessoire de t\u00e9l\u00e9phone"
  }
},
{
  "model": "store.category",
  "pk": 2,
  "fields": {
    "name": "Electrom\u00e9nager"
  }
},
{
  "model": "store.category",
  "pk": 3,
  "fields": {
    "name": "Electronique"
  }
},
{
  "model": "store.category",
  "pk": 4,
  "fields": {
    "name": "Alimentation"
  }
},
{
  "model": "store.category",
  "pk": 5,
  "fields": {
    "name": "V\u00eatement"
  }
},
{
  "model": "store.category",
  "pk": 6,
  "fields": {
    "name": "Bijoux"
  }
},
{
  "model": "store.category",
  "pk": 7,
  "fields": {
    "name": "Chaussure"
  }
},
{
  "model": "store.category",
  "pk": 8,
  "fields": {
    "name": "Boisson"
  }
},
{
  "model": "store.category",
  "pk": 10,
  "fields": {
    "name": "Accessoire"
  }
},
{
  "model": "store.marque",
  "pk": 1,
  "fields": {
    "name": "Apple"
  }
},
{
  "model": "store.marque",
  "pk": 2,
  "fields": {
    "name": "iphone"
  }
},
{
  "model": "store.marque",
  "pk": 3,
  "fields": {
    "name": "Dior"
  }
},
{
  "model": "store.marque",
  "pk": 4,
  "fields": {
    "name": "Versace"
  }
},
{
  "model": "store.marque",
  "pk": 5,
  "fields": {
    "name": "Samsung"
  }
},
{
  "model": "store.marque",
  "pk": 6,
  "fields": {
    "name": "Huawei"
  }
},
{
  "model": "store.marque",
  "pk": 7,
  "fields": {
    "name": "Turtle Beach"
  }
},
{
  "model": "store.marque",
  "pk": 8,
  "fields": {
    "name": "Go Sport"
  }
},
{
  "model": "store.marque",
  "pk": 9,
  "fields": {
    "name": "Groov-e Bullet"
  }
},
{
  "model": "store.marque",
  "pk": 10,
  "fields": {
    "name": "Olixar"
  }
},
{
  "model": "store.marque",
  "pk": 11,
  "fields": {
    "name": "Scosche"
  }
},
{
  "model": "store.marque",
  "pk": 12,
  "fields": {
    "name": "Oraimo"
  }
},
{
  "model": "store.marque",
  "pk": 13,
  "fields": {
    "name": "Veho"
  }
},
{
  "model": "store.marque",
  "pk": 14,
  "fields": {
    "name": "Cp-Link"
  }
},
{
  "model": "store.marque",
  "pk": 15,
  "fields": {
    "name": "Sony"
  }
},
{
  "model": "store.marque",
  "pk": 16,
  "fields": {
    "name": "Denon"
  }
},
{
  "model": "store.product",
  "pk": 1,
  "fields": {
    "name": "Coque iPhone 11 Olixar",
    "slug": "Coque_iPhone_11_Olixar",
    "price": 1500,
    "category": 1,
    "marque": 1,
    "stock": 28,
    "description": "<p>Coque iPhone 11 Olixar en silicone.</p>\r\n\r\n<p>Couleurs :</p>\r\n\r\n<ul>\r\n\t<li>Gris</li>\r\n\t<li>Rose Pastel</li>\r\n</ul>",
    "tag": []
  }
},
{
  "model": "store.product",
  "pk": 2,
  "fields": {
    "name": "casque gaming blanc",
    "slug": "casque_gaming_wireless_blanc",
    "price": 25000,
    "category": 3,
    "marque": 7,
    "stock": 14,
    "description": "<p><strong>Turtle Beach </strong>Stealth 600P Gen2 Wireless Gaming Headset - White</p>",
    "tag": []
  }
},
{
  "model": "store.product",
  "pk": 3,
  "fields": {
    "name": "Coque AirPods Noir",
    "slug": "Coque_AirPods_Noir",
    "price": 1000,
    "category": 3,
    "marque": 1,
    "stock": 50,
    "description": "<p>Coque AirPods Nomad en cuir v&eacute;ritable &ndash; Noir</p>",
    "tag": []
  }
},
{
  "model": "store.product",
  "pk": 4,
  "fields": {
    "name": "Adaptateur audio Samsung USB-C",
    "slug": "Adaptateur_audio_Samsung_USB-C",
    "price": 1500,
    "category": 1,
    "marque": 5,
    "stock": 40,
    "description": "<p>Adaptateur audio officiel Samsung Galaxy A71 USB-C vers 3.5mm</p>",
    "tag": []
  }
},
{
  "model": "store.product",
  "pk": 5,
  "fields": {
    "name": "Ecouteurs Bluetooth Plug N Noirs",
    "slug": "ecouteurs-bluetooth-plug-n-noirs",
    "price": 1600,
    "category": 3,
    "marque": 8,
    "stock": 25,
    "description": "<p>Ecouteurs Bluetooth Plug N Go Sports - Noirs</p>",
    "tag": []
  }
},
{
  "model": "store.product",
  "pk": 6,
  "fields": {
    "name": "\u00c9couteurs Samsung Sans fil \u2013 Blanc",
    "slug": "ecouteurs-samsung-sans-fil-blanc",
    "price": 2500,
    "category": 1,
    "marque": 5,
    "stock": 30,
    "description": "<p>&Eacute;couteurs officiels Samsung Galaxy Buds+ Sans fil &ndash; Blanc</p>",
    "tag": []
  }
},
{
  "model": "store.product",
  "pk": 7,
  "fields": {
    "name": "\u00c9couteurs Samsung Galaxy Buds+ Noir",
    "slug": "ecouteurs-samsung-galaxy-buds-noir",
    "price": 2500,
    "category": 1,
    "marque": 5,
    "stock": 20,
    "description": "<p>&Eacute;couteurs officiels Samsung Galaxy Buds+ Sans fil &ndash; Noir</p>",
    "tag": []
  }
},
{
  "model": "store.product",
  "pk": 8,
  "fields": {
    "name": "\u00c9couteurs bluetooth Groov-e Bullet\u2013 Argent",
    "slug": "ecouteurs-bluetooth-groov-e-bullet-argent",
    "price": 1500,
    "category": 3,
    "marque": 9,
    "stock": 15,
    "description": "<p>&Eacute;couteurs bluetooth Groov-e Bullet Buds Metal avec micro &ndash; Argent</p>",
    "tag": []
  }
},
{
  "model": "store.product",
  "pk": 9,
  "fields": {
    "name": "Adaptateur st\u00e9r\u00e9o Lightning \u2013 Blanc",
    "slug": "adaptateur-stereo-lightning-blanc",
    "price": 2000,
    "category": 1,
    "marque": 1,
    "stock": 35,
    "description": "<p>Adaptateur st&eacute;r&eacute;o officiel Apple Lightning vers 3.5mm &ndash; Blanc</p>",
    "tag": []
  }
},
{
  "model": "store.product",
  "pk": 10,
  "fields": {
    "name": "Prot\u00e8ge-c\u00e2bles universels \u2013 Noir & blanc \u2013 Pack de 6",
    "slug": "protege-cables-universels-noir-blanc-pack-de-6",
    "price": 3000,
    "category": 10,
    "marque": 10,
    "stock": 14,
    "description": "<p>Prot&egrave;ge-c&acirc;bles universels flexibles Olixar &ndash; Noir &amp; blanc &ndash; Pack de 6</p>",
    "tag": []
  }
},
{
  "model": "store.product",
  "pk": 11,
  "fields": {
    "name": "Adaptateur USB-C 3.5mm avec port de charge",
    "slug": "adaptateur-usb-c-35mm-avec-port-de-charge",
    "price": 5000,
    "category": 3,
    "marque": 11,
    "stock": 32,
    "description": "<p>Adaptateur USB-C 3.5mm Scosche avec port de charge USB-C &ndash; Noir</p>",
    "tag": []
  }
},
{
  "model": "store.product",
  "pk": 12,
  "fields": {
    "name": "Power Bank Oraimo 10000 mAh",
    "slug": "power-bank-oraimo-10000-mah",
    "price": 40000,
    "category": 3,
    "marque": 12,
    "stock": 17,
    "description": "<p>Power Bank Oraimo 10000 mAh - black and white</p>",
    "tag": []
  }
},
{
  "model": "store.product",
  "pk": 13,
  "fields": {
    "name": "Casque Bluetooth Veho ZB-5",
    "slug": "casque-bluetooth-veho-zb-5",
    "price": 25000,
    "category": 3,
    "marque": 13,
    "stock": 0,
    "description": "<p>Casque Bluetooth Veho ZB-5 Sans Fil - Noir</p>",
    "tag": []
  }
},
{
  "model": "store.product",
  "pk": 14,
  "fields": {
    "name": "Lot de haut parleur CP-link",
    "slug": "lot-de-haut-parleur-cp-link",
    "price": 120000,
    "category": 3,
    "marque": 14,
    "stock": 10,
    "description": "<p>Lot de haut parleur CP-link</p>\r\n\r\n<p>Caract&eacute;ristiques:</p>\r\n\r\n<ul>\r\n\t<li>Couleur : blanc;</li>\r\n</ul>",
    "tag": [
      1
    ]
  }
},
{
  "model": "store.product",
  "pk": 15,
  "fields": {
    "name": "Olixar Genuine Leather iPhone 12 Pro Case",
    "slug": "olixar-genuine-leather-iphone-12-pro-case",
    "price": 1500,
    "category": 1,
    "marque": 1,
    "stock": 33,
    "description": "<p>Olixar Genuine Leather iPhone 12 Pro Case - all colors</p>",
    "tag": []
  }
},
{
  "model": "store.product",
  "pk": 16,
  "fields": {
    "name": "Family Pack",
    "slug": "family-pack",
    "price": 150000,
    "category": 2,
    "marque": 15,
    "stock": 5,
    "description": "<p>Pack Family</p>\r\n\r\n<ul>\r\n\t<li>Refrigirateur</li>\r\n\t<li>Ecran plat</li>\r\n\t<li>Machine &agrave; laver</li>\r\n\t<li>Laptop</li>\r\n\t<li>Micro-onde</li>\r\n</ul>",
    "tag": [
      1
    ]
  }
},
{
  "model": "store.product",
  "pk": 17,
  "fields": {
    "name": "Ultra HD Sounds",
    "slug": "ultra-hd-sounds",
    "price": 120000,
    "category": 3,
    "marque": 16,
    "stock": 3,
    "description": "<pre>\r\nUltra HD Sounds</pre>\r\n\r\n<p>Une cha&icirc;ne Hi-Fi Compl&egrave;te</p>",
    "tag": [
      1
    ]
  }
},
{
  "model": "store.productimage",
  "pk": 1,
  "fields": {
    "produit": 1,
    "thumbnail": "store/product/Coque iPhone 11 Olixar/Coque_iPhone_11_Olixar_en_silicone__Gris.jpg"
  }
},
{
  "model": "store.productimage",
  "pk": 2,
  "fields": {
    "produit": 1,
    "thumbnail": "store/product/Coque iPhone 11 Olixar/Coque_iPhone_11_Olixar_en_silicone_doux__Rose_pastel.jpg"
  }
},
{
  "model": "store.productimage",
  "pk": 3,
  "fields": {
    "produit": 13,
    "thumbnail": "store/product/Casque Bluetooth Veho ZB-5/Casque_Bluetooth_Veho_ZB-5_Sans_Fil_-_Noir.jpg"
  }
},
{
  "model": "store.productimage",
  "pk": 4,
  "fields": {
    "produit": 15,
    "thumbnail": "store/product/Olixar Genuine Leather iPhone 12 Pro Case/Olixar_Genuine_Leather_iPhone_12_6CeZRvS.jpg"
  }
},
{
  "model": "store.productimage",
  "pk": 5,
  "fields": {
    "produit": 15,
    "thumbnail": "store/product/Olixar Genuine Leather iPhone 12 Pro Case/Olixar_Genuine_Leather_iPhone_12_GSsTMu1.jpg"
  }
},
{
  "model": "store.productimage",
  "pk": 6,
  "fields": {
    "produit": 15,
    "thumbnail": "store/product/Olixar Genuine Leather iPhone 12 Pro Case/Olixar_Genuine_Leather_iPhone_12_G6Rwb4o.jpg"
  }
},
{
  "model": "store.productimage",
  "pk": 7,
  "fields": {
    "produit": 14,
    "thumbnail": "store/product/Lot de haut parleur CP-link/hero-2-1.jpg"
  }
},
{
  "model": "store.productimage",
  "pk": 8,
  "fields": {
    "produit": 12,
    "thumbnail": "store/product/Power Bank Oraimo 10000 mAh/WhatsApp_Image_2022-01-06_at_21.47.32_2.jpeg"
  }
},
{
  "model": "store.productimage",
  "pk": 9,
  "fields": {
    "produit": 11,
    "thumbnail": "store/product/Adaptateur USB-C 3.5mm avec port de charge/Adaptateur_USB-C_3.5mm_Scosche__8iVvg90.jpg"
  }
},
{
  "model": "store.productimage",
  "pk": 10,
  "fields": {
    "produit": 10,
    "thumbnail": "store/product/Prot\u00e8ge-c\u00e2bles universels \u2013 Noir & blanc \u2013 Pack de 6/Prot\u00e8ge-c\u00e2bles_univer_rZhWAq5.jpg"
  }
},
{
  "model": "store.productimage",
  "pk": 11,
  "fields": {
    "produit": 9,
    "thumbnail": "store/product/Adaptateur st\u00e9r\u00e9o Lightning \u2013 Blanc/Adaptateur_st\u00e9r\u00e9o_officiel_Apple_Light_r7mVtnX.jpg"
  }
},
{
  "model": "store.productimage",
  "pk": 12,
  "fields": {
    "produit": 8,
    "thumbnail": "store/product/\u00c9couteurs bluetooth Groov-e Bullet\u2013 Argent/\u00c9couteurs_bluetooth_Groov-e_Bul_KeGuuhB.jpg"
  }
},
{
  "model": "store.productimage",
  "pk": 13,
  "fields": {
    "produit": 7,
    "thumbnail": "store/product/\u00c9couteurs Samsung Galaxy Buds+ Noir/\u00c9couteurs_officiels_Samsung_Galaxy_Bud_zdPTYjU.jpg"
  }
},
{
  "model": "store.productimage",
  "pk": 14,
  "fields": {
    "produit": 6,
    "thumbnail": "store/product/\u00c9couteurs Samsung Sans fil \u2013 Blanc/\u00c9couteurs_officiels_Samsung_Galaxy_Buds_Ute2j3N.jpg"
  }
},
{
  "model": "store.productimage",
  "pk": 15,
  "fields": {
    "produit": 5,
    "thumbnail": "store/product/Ecouteurs Bluetooth Plug N Noirs/Ecouteurs_Bluetooth_Plug_N_Go_Sports_-_Noirs.jpg"
  }
},
{
  "model": "store.productimage",
  "pk": 16,
  "fields": {
    "produit": 4,
    "thumbnail": "store/product/Adaptateur audio Samsung USB-C/Adaptateur_audio_officiel_Samsung_Galaxy_A7_sLMyEAd.jpg"
  }
},
{
  "model": "store.productimage",
  "pk": 17,
  "fields": {
    "produit": 3,
    "thumbnail": "store/product/Coque AirPods Noir/Coque_AirPods_Nomad_en_cuir_v\u00e9ritable__Noir.jpg"
  }
},
{
  "model": "store.productimage",
  "pk": 18,
  "fields": {
    "produit": 2,
    "thumbnail": "store/product/casque gaming blanc/Turtle_Beach_Stealth_600P_Gen2_Wireless_Gaming_Headset_-_White.jpg"
  }
},
{
  "model": "store.productimage",
  "pk": 19,
  "fields": {
    "produit": 16,
    "thumbnail": "store/product/Family Pack/hero-2-2.png"
  }
},
{
  "model": "store.productimage",
  "pk": 20,
  "fields": {
    "produit": 17,
    "thumbnail": "store/product/Ultra HD Sounds/hero-2-3.png"
  }
},
{
  "model": "store.order",
  "pk": 1,
  "fields": {
    "customer": 1,
    "date_ordered": "2022-05-25T22:35:07.879Z",
    "complete": false,
    "transaction_id": null
  }
},
{
  "model": "store.order",
  "pk": 2,
  "fields": {
    "customer": 2,
    "date_ordered": "2022-05-25T22:50:02.933Z",
    "complete": false,
    "transaction_id": null
  }
},
{
  "model": "store.order",
  "pk": 3,
  "fields": {
    "customer": 4,
    "date_ordered": "2022-05-27T15:24:02.739Z",
    "complete": false,
    "transaction_id": null
  }
},
{
  "model": "store.order",
  "pk": 4,
  "fields": {
    "customer": 9,
    "date_ordered": "2022-06-30T18:56:03.221Z",
    "complete": false,
    "transaction_id": null
  }
},
{
  "model": "store.order",
  "pk": 5,
  "fields": {
    "customer": 8,
    "date_ordered": "2022-07-04T15:17:09.110Z",
    "complete": false,
    "transaction_id": null
  }
},
{
  "model": "store.orderitem",
  "pk": 9,
  "fields": {
    "product": 2,
    "order": 2,
    "quantity": 10,
    "date_added": "2022-06-22T20:24:29.925Z"
  }
},
{
  "model": "store.orderitem",
  "pk": 10,
  "fields": {
    "product": 1,
    "order": 2,
    "quantity": 5,
    "date_added": "2022-06-22T20:24:36.927Z"
  }
},
{
  "model": "store.orderitem",
  "pk": 11,
  "fields": {
    "product": 13,
    "order": 2,
    "quantity": 3,
    "date_added": "2022-06-26T12:58:37.137Z"
  }
},
{
  "model": "store.orderitem",
  "pk": 12,
  "fields": {
    "product": 5,
    "order": 2,
    "quantity": 2,
    "date_added": "2022-06-26T13:03:15.294Z"
  }
},
{
  "model": "store.orderitem",
  "pk": 13,
  "fields": {
    "product": 6,
    "order": 2,
    "quantity": 1,
    "date_added": "2022-06-26T13:59:18.050Z"
  }
},
{
  "model": "store.orderitem",
  "pk": 14,
  "fields": {
    "product": 9,
    "order": 2,
    "quantity": 1,
    "date_added": "2022-06-26T14:00:39.191Z"
  }
},
{
  "model": "store.orderitem",
  "pk": 15,
  "fields": {
    "product": 15,
    "order": 2,
    "quantity": 1,
    "date_added": "2022-07-17T19:19:58.547Z"
  }
},
{
  "model": "auth.permission",
  "pk": 1,
  "fields": {
    "name": "Can add Theme",
    "content_type": 1,
    "codename": "add_theme"
  }
},
{
  "model": "auth.permission",
  "pk": 2,
  "fields": {
    "name": "Can change Theme",
    "content_type": 1,
    "codename": "change_theme"
  }
},
{
  "model": "auth.permission",
  "pk": 3,
  "fields": {
    "name": "Can delete Theme",
    "content_type": 1,
    "codename": "delete_theme"
  }
},
{
  "model": "auth.permission",
  "pk": 4,
  "fields": {
    "name": "Can view Theme",
    "content_type": 1,
    "codename": "view_theme"
  }
},
{
  "model": "auth.permission",
  "pk": 5,
  "fields": {
    "name": "Can add log entry",
    "content_type": 2,
    "codename": "add_logentry"
  }
},
{
  "model": "auth.permission",
  "pk": 6,
  "fields": {
    "name": "Can change log entry",
    "content_type": 2,
    "codename": "change_logentry"
  }
},
{
  "model": "auth.permission",
  "pk": 7,
  "fields": {
    "name": "Can delete log entry",
    "content_type": 2,
    "codename": "delete_logentry"
  }
},
{
  "model": "auth.permission",
  "pk": 8,
  "fields": {
    "name": "Can view log entry",
    "content_type": 2,
    "codename": "view_logentry"
  }
},
{
  "model": "auth.permission",
  "pk": 9,
  "fields": {
    "name": "Can add permission",
    "content_type": 3,
    "codename": "add_permission"
  }
},
{
  "model": "auth.permission",
  "pk": 10,
  "fields": {
    "name": "Can change permission",
    "content_type": 3,
    "codename": "change_permission"
  }
},
{
  "model": "auth.permission",
  "pk": 11,
  "fields": {
    "name": "Can delete permission",
    "content_type": 3,
    "codename": "delete_permission"
  }
},
{
  "model": "auth.permission",
  "pk": 12,
  "fields": {
    "name": "Can view permission",
    "content_type": 3,
    "codename": "view_permission"
  }
},
{
  "model": "auth.permission",
  "pk": 13,
  "fields": {
    "name": "Can add group",
    "content_type": 4,
    "codename": "add_group"
  }
},
{
  "model": "auth.permission",
  "pk": 14,
  "fields": {
    "name": "Can change group",
    "content_type": 4,
    "codename": "change_group"
  }
},
{
  "model": "auth.permission",
  "pk": 15,
  "fields": {
    "name": "Can delete group",
    "content_type": 4,
    "codename": "delete_group"
  }
},
{
  "model": "auth.permission",
  "pk": 16,
  "fields": {
    "name": "Can view group",
    "content_type": 4,
    "codename": "view_group"
  }
},
{
  "model": "auth.permission",
  "pk": 17,
  "fields": {
    "name": "Can add content type",
    "content_type": 5,
    "codename": "add_contenttype"
  }
},
{
  "model": "auth.permission",
  "pk": 18,
  "fields": {
    "name": "Can change content type",
    "content_type": 5,
    "codename": "change_contenttype"
  }
},
{
  "model": "auth.permission",
  "pk": 19,
  "fields": {
    "name": "Can delete content type",
    "content_type": 5,
    "codename": "delete_contenttype"
  }
},
{
  "model": "auth.permission",
  "pk": 20,
  "fields": {
    "name": "Can view content type",
    "content_type": 5,
    "codename": "view_contenttype"
  }
},
{
  "model": "auth.permission",
  "pk": 21,
  "fields": {
    "name": "Can add session",
    "content_type": 6,
    "codename": "add_session"
  }
},
{
  "model": "auth.permission",
  "pk": 22,
  "fields": {
    "name": "Can change session",
    "content_type": 6,
    "codename": "change_session"
  }
},
{
  "model": "auth.permission",
  "pk": 23,
  "fields": {
    "name": "Can delete session",
    "content_type": 6,
    "codename": "delete_session"
  }
},
{
  "model": "auth.permission",
  "pk": 24,
  "fields": {
    "name": "Can view session",
    "content_type": 6,
    "codename": "view_session"
  }
},
{
  "model": "auth.permission",
  "pk": 25,
  "fields": {
    "name": "Can add flat page",
    "content_type": 7,
    "codename": "add_flatpage"
  }
},
{
  "model": "auth.permission",
  "pk": 26,
  "fields": {
    "name": "Can change flat page",
    "content_type": 7,
    "codename": "change_flatpage"
  }
},
{
  "model": "auth.permission",
  "pk": 27,
  "fields": {
    "name": "Can delete flat page",
    "content_type": 7,
    "codename": "delete_flatpage"
  }
},
{
  "model": "auth.permission",
  "pk": 28,
  "fields": {
    "name": "Can view flat page",
    "content_type": 7,
    "codename": "view_flatpage"
  }
},
{
  "model": "auth.permission",
  "pk": 29,
  "fields": {
    "name": "Can add site",
    "content_type": 8,
    "codename": "add_site"
  }
},
{
  "model": "auth.permission",
  "pk": 30,
  "fields": {
    "name": "Can change site",
    "content_type": 8,
    "codename": "change_site"
  }
},
{
  "model": "auth.permission",
  "pk": 31,
  "fields": {
    "name": "Can delete site",
    "content_type": 8,
    "codename": "delete_site"
  }
},
{
  "model": "auth.permission",
  "pk": 32,
  "fields": {
    "name": "Can view site",
    "content_type": 8,
    "codename": "view_site"
  }
},
{
  "model": "auth.permission",
  "pk": 33,
  "fields": {
    "name": "Can add user",
    "content_type": 9,
    "codename": "add_customuser"
  }
},
{
  "model": "auth.permission",
  "pk": 34,
  "fields": {
    "name": "Can change user",
    "content_type": 9,
    "codename": "change_customuser"
  }
},
{
  "model": "auth.permission",
  "pk": 35,
  "fields": {
    "name": "Can delete user",
    "content_type": 9,
    "codename": "delete_customuser"
  }
},
{
  "model": "auth.permission",
  "pk": 36,
  "fields": {
    "name": "Can view user",
    "content_type": 9,
    "codename": "view_customuser"
  }
},
{
  "model": "auth.permission",
  "pk": 37,
  "fields": {
    "name": "Can add Categorie",
    "content_type": 10,
    "codename": "add_category"
  }
},
{
  "model": "auth.permission",
  "pk": 38,
  "fields": {
    "name": "Can change Categorie",
    "content_type": 10,
    "codename": "change_category"
  }
},
{
  "model": "auth.permission",
  "pk": 39,
  "fields": {
    "name": "Can delete Categorie",
    "content_type": 10,
    "codename": "delete_category"
  }
},
{
  "model": "auth.permission",
  "pk": 40,
  "fields": {
    "name": "Can view Categorie",
    "content_type": 10,
    "codename": "view_category"
  }
},
{
  "model": "auth.permission",
  "pk": 41,
  "fields": {
    "name": "Can add Client",
    "content_type": 11,
    "codename": "add_customer"
  }
},
{
  "model": "auth.permission",
  "pk": 42,
  "fields": {
    "name": "Can change Client",
    "content_type": 11,
    "codename": "change_customer"
  }
},
{
  "model": "auth.permission",
  "pk": 43,
  "fields": {
    "name": "Can delete Client",
    "content_type": 11,
    "codename": "delete_customer"
  }
},
{
  "model": "auth.permission",
  "pk": 44,
  "fields": {
    "name": "Can view Client",
    "content_type": 11,
    "codename": "view_customer"
  }
},
{
  "model": "auth.permission",
  "pk": 45,
  "fields": {
    "name": "Can add Marque",
    "content_type": 12,
    "codename": "add_marque"
  }
},
{
  "model": "auth.permission",
  "pk": 46,
  "fields": {
    "name": "Can change Marque",
    "content_type": 12,
    "codename": "change_marque"
  }
},
{
  "model": "auth.permission",
  "pk": 47,
  "fields": {
    "name": "Can delete Marque",
    "content_type": 12,
    "codename": "delete_marque"
  }
},
{
  "model": "auth.permission",
  "pk": 48,
  "fields": {
    "name": "Can view Marque",
    "content_type": 12,
    "codename": "view_marque"
  }
},
{
  "model": "auth.permission",
  "pk": 49,
  "fields": {
    "name": "Can add Commande",
    "content_type": 13,
    "codename": "add_order"
  }
},
{
  "model": "auth.permission",
  "pk": 50,
  "fields": {
    "name": "Can change Commande",
    "content_type": 13,
    "codename": "change_order"
  }
},
{
  "model": "auth.permission",
  "pk": 51,
  "fields": {
    "name": "Can delete Commande",
    "content_type": 13,
    "codename": "delete_order"
  }
},
{
  "model": "auth.permission",
  "pk": 52,
  "fields": {
    "name": "Can view Commande",
    "content_type": 13,
    "codename": "view_order"
  }
},
{
  "model": "auth.permission",
  "pk": 53,
  "fields": {
    "name": "Can add Adresse de livraison",
    "content_type": 14,
    "codename": "add_shippingaddress"
  }
},
{
  "model": "auth.permission",
  "pk": 54,
  "fields": {
    "name": "Can change Adresse de livraison",
    "content_type": 14,
    "codename": "change_shippingaddress"
  }
},
{
  "model": "auth.permission",
  "pk": 55,
  "fields": {
    "name": "Can delete Adresse de livraison",
    "content_type": 14,
    "codename": "delete_shippingaddress"
  }
},
{
  "model": "auth.permission",
  "pk": 56,
  "fields": {
    "name": "Can view Adresse de livraison",
    "content_type": 14,
    "codename": "view_shippingaddress"
  }
},
{
  "model": "auth.permission",
  "pk": 57,
  "fields": {
    "name": "Can add Produit",
    "content_type": 15,
    "codename": "add_product"
  }
},
{
  "model": "auth.permission",
  "pk": 58,
  "fields": {
    "name": "Can change Produit",
    "content_type": 15,
    "codename": "change_product"
  }
},
{
  "model": "auth.permission",
  "pk": 59,
  "fields": {
    "name": "Can delete Produit",
    "content_type": 15,
    "codename": "delete_product"
  }
},
{
  "model": "auth.permission",
  "pk": 60,
  "fields": {
    "name": "Can view Produit",
    "content_type": 15,
    "codename": "view_product"
  }
},
{
  "model": "auth.permission",
  "pk": 61,
  "fields": {
    "name": "Can add Article command\u00e9",
    "content_type": 16,
    "codename": "add_orderitem"
  }
},
{
  "model": "auth.permission",
  "pk": 62,
  "fields": {
    "name": "Can change Article command\u00e9",
    "content_type": 16,
    "codename": "change_orderitem"
  }
},
{
  "model": "auth.permission",
  "pk": 63,
  "fields": {
    "name": "Can delete Article command\u00e9",
    "content_type": 16,
    "codename": "delete_orderitem"
  }
},
{
  "model": "auth.permission",
  "pk": 64,
  "fields": {
    "name": "Can view Article command\u00e9",
    "content_type": 16,
    "codename": "view_orderitem"
  }
},
{
  "model": "auth.permission",
  "pk": 65,
  "fields": {
    "name": "Can add tag",
    "content_type": 17,
    "codename": "add_tag"
  }
},
{
  "model": "auth.permission",
  "pk": 66,
  "fields": {
    "name": "Can change tag",
    "content_type": 17,
    "codename": "change_tag"
  }
},
{
  "model": "auth.permission",
  "pk": 67,
  "fields": {
    "name": "Can delete tag",
    "content_type": 17,
    "codename": "delete_tag"
  }
},
{
  "model": "auth.permission",
  "pk": 68,
  "fields": {
    "name": "Can view tag",
    "content_type": 17,
    "codename": "view_tag"
  }
},
{
  "model": "auth.permission",
  "pk": 69,
  "fields": {
    "name": "Can add product image",
    "content_type": 18,
    "codename": "add_productimage"
  }
},
{
  "model": "auth.permission",
  "pk": 70,
  "fields": {
    "name": "Can change product image",
    "content_type": 18,
    "codename": "change_productimage"
  }
},
{
  "model": "auth.permission",
  "pk": 71,
  "fields": {
    "name": "Can delete product image",
    "content_type": 18,
    "codename": "delete_productimage"
  }
},
{
  "model": "auth.permission",
  "pk": 72,
  "fields": {
    "name": "Can view product image",
    "content_type": 18,
    "codename": "view_productimage"
  }
},
{
  "model": "auth.permission",
  "pk": 73,
  "fields": {
    "name": "Can add email address",
    "content_type": 19,
    "codename": "add_emailaddress"
  }
},
{
  "model": "auth.permission",
  "pk": 74,
  "fields": {
    "name": "Can change email address",
    "content_type": 19,
    "codename": "change_emailaddress"
  }
},
{
  "model": "auth.permission",
  "pk": 75,
  "fields": {
    "name": "Can delete email address",
    "content_type": 19,
    "codename": "delete_emailaddress"
  }
},
{
  "model": "auth.permission",
  "pk": 76,
  "fields": {
    "name": "Can view email address",
    "content_type": 19,
    "codename": "view_emailaddress"
  }
},
{
  "model": "auth.permission",
  "pk": 77,
  "fields": {
    "name": "Can add email confirmation",
    "content_type": 20,
    "codename": "add_emailconfirmation"
  }
},
{
  "model": "auth.permission",
  "pk": 78,
  "fields": {
    "name": "Can change email confirmation",
    "content_type": 20,
    "codename": "change_emailconfirmation"
  }
},
{
  "model": "auth.permission",
  "pk": 79,
  "fields": {
    "name": "Can delete email confirmation",
    "content_type": 20,
    "codename": "delete_emailconfirmation"
  }
},
{
  "model": "auth.permission",
  "pk": 80,
  "fields": {
    "name": "Can view email confirmation",
    "content_type": 20,
    "codename": "view_emailconfirmation"
  }
},
{
  "model": "auth.permission",
  "pk": 81,
  "fields": {
    "name": "Can add social account",
    "content_type": 21,
    "codename": "add_socialaccount"
  }
},
{
  "model": "auth.permission",
  "pk": 82,
  "fields": {
    "name": "Can change social account",
    "content_type": 21,
    "codename": "change_socialaccount"
  }
},
{
  "model": "auth.permission",
  "pk": 83,
  "fields": {
    "name": "Can delete social account",
    "content_type": 21,
    "codename": "delete_socialaccount"
  }
},
{
  "model": "auth.permission",
  "pk": 84,
  "fields": {
    "name": "Can view social account",
    "content_type": 21,
    "codename": "view_socialaccount"
  }
},
{
  "model": "auth.permission",
  "pk": 85,
  "fields": {
    "name": "Can add social application",
    "content_type": 22,
    "codename": "add_socialapp"
  }
},
{
  "model": "auth.permission",
  "pk": 86,
  "fields": {
    "name": "Can change social application",
    "content_type": 22,
    "codename": "change_socialapp"
  }
},
{
  "model": "auth.permission",
  "pk": 87,
  "fields": {
    "name": "Can delete social application",
    "content_type": 22,
    "codename": "delete_socialapp"
  }
},
{
  "model": "auth.permission",
  "pk": 88,
  "fields": {
    "name": "Can view social application",
    "content_type": 22,
    "codename": "view_socialapp"
  }
},
{
  "model": "auth.permission",
  "pk": 89,
  "fields": {
    "name": "Can add social application token",
    "content_type": 23,
    "codename": "add_socialtoken"
  }
},
{
  "model": "auth.permission",
  "pk": 90,
  "fields": {
    "name": "Can change social application token",
    "content_type": 23,
    "codename": "change_socialtoken"
  }
},
{
  "model": "auth.permission",
  "pk": 91,
  "fields": {
    "name": "Can delete social application token",
    "content_type": 23,
    "codename": "delete_socialtoken"
  }
},
{
  "model": "auth.permission",
  "pk": 92,
  "fields": {
    "name": "Can view social application token",
    "content_type": 23,
    "codename": "view_socialtoken"
  }
},
{
  "model": "accounts.customuser",
  "pk": 1,
  "fields": {
    "password": "pbkdf2_sha256$180000$XFCIatbDmnUK$8s1Ad6yoBlJFOoFcACYTy7yIvafYyJNYkw5nkpYbGLE=",
    "last_login": "2022-08-01T00:03:46.649Z",
    "is_superuser": true,
    "username": "orion",
    "first_name": "",
    "last_name": "",
    "email": "djofangulrich05@gmail.com",
    "is_staff": true,
    "is_active": true,
    "date_joined": "2022-05-25T22:16:14.366Z",
    "tel": 98765432,
    "sexe": "Masculin",
    "groups": [],
    "user_permissions": []
  }
},
{
  "model": "accounts.customuser",
  "pk": 2,
  "fields": {
    "password": "pbkdf2_sha256$180000$A9AHZVQdaIGC$H/aQk6LQ1GP7L57ZLOSSRG0+rkPLkqxIYo3nFrV0DHc=",
    "last_login": "2022-05-25T22:52:20.479Z",
    "is_superuser": false,
    "username": "Rick",
    "first_name": "",
    "last_name": "",
    "email": "",
    "is_staff": false,
    "is_active": true,
    "date_joined": "2022-05-25T22:35:00.722Z",
    "tel": 98765432,
    "sexe": "Masculin",
    "groups": [],
    "user_permissions": []
  }
},
{
  "model": "accounts.customuser",
  "pk": 3,
  "fields": {
    "password": "torvplck",
    "last_login": "2022-05-27T14:58:22.834Z",
    "is_superuser": false,
    "username": "Adams",
    "first_name": "Adams",
    "last_name": "Golbert",
    "email": "golbert@gmail.com",
    "is_staff": false,
    "is_active": true,
    "date_joined": "2022-05-27T14:58:22.732Z",
    "tel": 12334545,
    "sexe": "masculin",
    "groups": [],
    "user_permissions": []
  }
},
{
  "model": "accounts.customuser",
  "pk": 4,
  "fields": {
    "password": "torvplck",
    "last_login": "2022-05-27T15:23:22.471Z",
    "is_superuser": false,
    "username": "Adam",
    "first_name": "Adam",
    "last_name": "Golbert",
    "email": "golbertadmams@gmail.com",
    "is_staff": false,
    "is_active": true,
    "date_joined": "2022-05-27T15:23:22.404Z",
    "tel": 28765876,
    "sexe": "masculin",
    "groups": [],
    "user_permissions": []
  }
},
{
  "model": "accounts.customuser",
  "pk": 5,
  "fields": {
    "password": "torvplck",
    "last_login": "2022-06-22T09:01:56.782Z",
    "is_superuser": false,
    "username": "goldberg",
    "first_name": "William",
    "last_name": "Goldberg",
    "email": "mastu@gmail.com",
    "is_staff": false,
    "is_active": true,
    "date_joined": "2022-06-22T09:01:56.510Z",
    "tel": 6993344,
    "sexe": "masculin",
    "groups": [],
    "user_permissions": []
  }
},
{
  "model": "accounts.customuser",
  "pk": 6,
  "fields": {
    "password": "pbkdf2_sha256$180000$LsPrfscAnD0C$kd58T3OjOvoRJAljVz2XXZb6DzmsKSnTcD+B1RouVYE=",
    "last_login": "2022-06-22T20:22:28.863Z",
    "is_superuser": false,
    "username": "RAFA",
    "first_name": "Raphael",
    "last_name": "Nadal",
    "email": "Nadal@gmail.com",
    "is_staff": false,
    "is_active": true,
    "date_joined": "2022-06-22T20:22:28.533Z",
    "tel": 7654323456,
    "sexe": "masculin",
    "groups": [],
    "user_permissions": []
  }
},
{
  "model": "accounts.customuser",
  "pk": 7,
  "fields": {
    "password": "pbkdf2_sha256$180000$gsA235LFOBVZ$x34NfRO7jmxSxTnKIRE4PII87gyGUt364Tz2VZonQRA=",
    "last_login": "2022-06-23T04:23:13.026Z",
    "is_superuser": false,
    "username": "goldb",
    "first_name": "Raphael",
    "last_name": "Nadal",
    "email": "abadakadabra@gmail.com",
    "is_staff": false,
    "is_active": true,
    "date_joined": "2022-06-23T04:23:12.634Z",
    "tel": 6993344,
    "sexe": "masculin",
    "groups": [],
    "user_permissions": []
  }
},
{
  "model": "accounts.customuser",
  "pk": 8,
  "fields": {
    "password": "pbkdf2_sha256$180000$hXgDUcOdB5CX$a5vfYiHdgdT08OUxw+ZNWaFWCvqPT8xrmLkbtUmh7NY=",
    "last_login": "2022-07-04T15:17:09.012Z",
    "is_superuser": false,
    "username": "CONRAD",
    "first_name": "Edward",
    "last_name": "Nadal",
    "email": "Nadal@gmail.com",
    "is_staff": false,
    "is_active": true,
    "date_joined": "2022-06-24T07:30:26.392Z",
    "tel": 688436323,
    "sexe": "masculin",
    "groups": [],
    "user_permissions": []
  }
},
{
  "model": "accounts.customuser",
  "pk": 9,
  "fields": {
    "password": "pbkdf2_sha256$180000$ndDZjXam0vNQ$PBu8x80ptFeDVS6dtNxVOY1f8icnk66NlIOFhtXTeIg=",
    "last_login": "2022-06-30T18:56:03.117Z",
    "is_superuser": false,
    "username": "qsdf",
    "first_name": "qsf",
    "last_name": "qsdf",
    "email": "Nadal@gmail.com",
    "is_staff": false,
    "is_active": true,
    "date_joined": "2022-06-30T18:56:02.783Z",
    "tel": 98765434567,
    "sexe": "masculin",
    "groups": [],
    "user_permissions": []
  }
},
{
  "model": "store.customer",
  "pk": 1,
  "fields": {
    "user": 2
  }
},
{
  "model": "store.customer",
  "pk": 2,
  "fields": {
    "user": 1
  }
},
{
  "model": "store.customer",
  "pk": 3,
  "fields": {
    "user": 3
  }
},
{
  "model": "store.customer",
  "pk": 4,
  "fields": {
    "user": 4
  }
},
{
  "model": "store.customer",
  "pk": 5,
  "fields": {
    "user": 5
  }
},
{
  "model": "store.customer",
  "pk": 6,
  "fields": {
    "user": 6
  }
},
{
  "model": "store.customer",
  "pk": 7,
  "fields": {
    "user": 7
  }
},
{
  "model": "store.customer",
  "pk": 8,
  "fields": {
    "user": 8
  }
},
{
  "model": "store.customer",
  "pk": 9,
  "fields": {
    "user": 9
  }
},
{
  "model": "account.emailaddress",
  "pk": 1,
  "fields": {
    "user": 1,
    "email": "djofangulrich05@gmail.com",
    "verified": true,
    "primary": true
  }
},
{
  "model": "admin.logentry",
  "pk": 1,
  "fields": {
    "action_time": "2022-05-25T22:23:51.404Z",
    "user": 1,
    "content_type": 10,
    "object_id": "1",
    "object_repr": "Accessoire de t\u00e9l\u00e9phone",
    "action_flag": 1,
    "change_message": "[{\"added\": {}}]"
  }
},
{
  "model": "admin.logentry",
  "pk": 2,
  "fields": {
    "action_time": "2022-05-25T22:24:24.193Z",
    "user": 1,
    "content_type": 10,
    "object_id": "2",
    "object_repr": "Electrom\u00e9nager",
    "action_flag": 1,
    "change_message": "[{\"added\": {}}]"
  }
},
{
  "model": "admin.logentry",
  "pk": 3,
  "fields": {
    "action_time": "2022-05-25T22:24:33.886Z",
    "user": 1,
    "content_type": 10,
    "object_id": "3",
    "object_repr": "Electronique",
    "action_flag": 1,
    "change_message": "[{\"added\": {}}]"
  }
},
{
  "model": "admin.logentry",
  "pk": 4,
  "fields": {
    "action_time": "2022-05-25T22:24:49.478Z",
    "user": 1,
    "content_type": 10,
    "object_id": "4",
    "object_repr": "Alimentation",
    "action_flag": 1,
    "change_message": "[{\"added\": {}}]"
  }
},
{
  "model": "admin.logentry",
  "pk": 5,
  "fields": {
    "action_time": "2022-05-25T22:25:05.033Z",
    "user": 1,
    "content_type": 10,
    "object_id": "5",
    "object_repr": "V\u00eatement",
    "action_flag": 1,
    "change_message": "[{\"added\": {}}]"
  }
},
{
  "model": "admin.logentry",
  "pk": 6,
  "fields": {
    "action_time": "2022-05-25T22:25:13.466Z",
    "user": 1,
    "content_type": 10,
    "object_id": "6",
    "object_repr": "Bijoux",
    "action_flag": 1,
    "change_message": "[{\"added\": {}}]"
  }
},
{
  "model": "admin.logentry",
  "pk": 7,
  "fields": {
    "action_time": "2022-05-25T22:25:30.226Z",
    "user": 1,
    "content_type": 10,
    "object_id": "7",
    "object_repr": "Chaussure",
    "action_flag": 1,
    "change_message": "[{\"added\": {}}]"
  }
},
{
  "model": "admin.logentry",
  "pk": 8,
  "fields": {
    "action_time": "2022-05-25T22:25:41.472Z",
    "user": 1,
    "content_type": 10,
    "object_id": "8",
    "object_repr": "Boisson",
    "action_flag": 1,
    "change_message": "[{\"added\": {}}]"
  }
},
{
  "model": "admin.logentry",
  "pk": 9,
  "fields": {
    "action_time": "2022-05-25T22:26:01.529Z",
    "user": 1,
    "content_type": 12,
    "object_id": "1",
    "object_repr": "Apple",
    "action_flag": 1,
    "change_message": "[{\"added\": {}}]"
  }
},
{
  "model": "admin.logentry",
  "pk": 10,
  "fields": {
    "action_time": "2022-05-25T22:26:05.974Z",
    "user": 1,
    "content_type": 12,
    "object_id": "2",
    "object_repr": "iphone",
    "action_flag": 1,
    "change_message": "[{\"added\": {}}]"
  }
},
{
  "model": "admin.logentry",
  "pk": 11,
  "fields": {
    "action_time": "2022-05-25T22:26:09.709Z",
    "user": 1,
    "content_type": 12,
    "object_id": "3",
    "object_repr": "Dior",
    "action_flag": 1,
    "change_message": "[{\"added\": {}}]"
  }
},
{
  "model": "admin.logentry",
  "pk": 12,
  "fields": {
    "action_time": "2022-05-25T22:26:18.553Z",
    "user": 1,
    "content_type": 12,
    "object_id": "4",
    "object_repr": "Versace",
    "action_flag": 1,
    "change_message": "[{\"added\": {}}]"
  }
},
{
  "model": "admin.logentry",
  "pk": 13,
  "fields": {
    "action_time": "2022-05-25T22:27:04.961Z",
    "user": 1,
    "content_type": 12,
    "object_id": "5",
    "object_repr": "Samsung",
    "action_flag": 1,
    "change_message": "[{\"added\": {}}]"
  }
},
{
  "model": "admin.logentry",
  "pk": 14,
  "fields": {
    "action_time": "2022-05-25T22:27:15.394Z",
    "user": 1,
    "content_type": 12,
    "object_id": "6",
    "object_repr": "Huawei",
    "action_flag": 1,
    "change_message": "[{\"added\": {}}]"
  }
},
{
  "model": "admin.logentry",
  "pk": 15,
  "fields": {
    "action_time": "2022-05-25T22:28:06.580Z",
    "user": 1,
    "content_type": 8,
    "object_id": "1",
    "object_repr": "example.com",
    "action_flag": 3,
    "change_message": ""
  }
},
{
  "model": "admin.logentry",
  "pk": 16,
  "fields": {
    "action_time": "2022-05-25T22:34:03.848Z",
    "user": 1,
    "content_type": 15,
    "object_id": "1",
    "object_repr": "Coque iPhone 11 Gris Olixar (28)",
    "action_flag": 1,
    "change_message": "[{\"added\": {}}]"
  }
},
{
  "model": "admin.logentry",
  "pk": 17,
  "fields": {
    "action_time": "2022-05-25T22:48:21.011Z",
    "user": 1,
    "content_type": 12,
    "object_id": "7",
    "object_repr": "Turtle Beach",
    "action_flag": 1,
    "change_message": "[{\"added\": {}}]"
  }
},
{
  "model": "admin.logentry",
  "pk": 18,
  "fields": {
    "action_time": "2022-05-25T22:49:26.148Z",
    "user": 1,
    "content_type": 15,
    "object_id": "2",
    "object_repr": "casque gaming blanc (14)",
    "action_flag": 1,
    "change_message": "[{\"added\": {}}]"
  }
},
{
  "model": "admin.logentry",
  "pk": 19,
  "fields": {
    "action_time": "2022-05-25T22:49:58.978Z",
    "user": 1,
    "content_type": 11,
    "object_id": "2",
    "object_repr": "orion",
    "action_flag": 1,
    "change_message": "[{\"added\": {}}]"
  }
},
{
  "model": "admin.logentry",
  "pk": 20,
  "fields": {
    "action_time": "2022-05-27T16:01:19.594Z",
    "user": 1,
    "content_type": 1,
    "object_id": "2",
    "object_repr": "th\u00e8me2",
    "action_flag": 1,
    "change_message": "[{\"added\": {}}]"
  }
},
{
  "model": "admin.logentry",
  "pk": 21,
  "fields": {
    "action_time": "2022-05-27T16:02:30.439Z",
    "user": 1,
    "content_type": 1,
    "object_id": "2",
    "object_repr": "th\u00e8me2",
    "action_flag": 2,
    "change_message": "[{\"changed\": {\"fields\": [\"Logo\"]}}]"
  }
},
{
  "model": "admin.logentry",
  "pk": 22,
  "fields": {
    "action_time": "2022-06-26T11:40:59.424Z",
    "user": 1,
    "content_type": 15,
    "object_id": "3",
    "object_repr": "Coque AirPods Noir (50)",
    "action_flag": 1,
    "change_message": "[{\"added\": {}}]"
  }
},
{
  "model": "admin.logentry",
  "pk": 23,
  "fields": {
    "action_time": "2022-06-26T11:41:02.746Z",
    "user": 1,
    "content_type": 15,
    "object_id": "3",
    "object_repr": "Coque AirPods Noir (50)",
    "action_flag": 2,
    "change_message": "[]"
  }
},
{
  "model": "admin.logentry",
  "pk": 24,
  "fields": {
    "action_time": "2022-06-26T11:42:24.964Z",
    "user": 1,
    "content_type": 15,
    "object_id": "4",
    "object_repr": "Adaptateur audio Samsung USB-C (40)",
    "action_flag": 1,
    "change_message": "[{\"added\": {}}]"
  }
},
{
  "model": "admin.logentry",
  "pk": 25,
  "fields": {
    "action_time": "2022-06-26T11:43:03.778Z",
    "user": 1,
    "content_type": 15,
    "object_id": "3",
    "object_repr": "Coque AirPods Noir (50)",
    "action_flag": 2,
    "change_message": "[{\"changed\": {\"fields\": [\"Prix\"]}}]"
  }
},
{
  "model": "admin.logentry",
  "pk": 26,
  "fields": {
    "action_time": "2022-06-26T11:55:38.274Z",
    "user": 1,
    "content_type": 10,
    "object_id": "9",
    "object_repr": "Go Sport",
    "action_flag": 1,
    "change_message": "[{\"added\": {}}]"
  }
},
{
  "model": "admin.logentry",
  "pk": 27,
  "fields": {
    "action_time": "2022-06-26T11:55:55.952Z",
    "user": 1,
    "content_type": 10,
    "object_id": "9",
    "object_repr": "Go Sport",
    "action_flag": 3,
    "change_message": ""
  }
},
{
  "model": "admin.logentry",
  "pk": 28,
  "fields": {
    "action_time": "2022-06-26T11:56:10.891Z",
    "user": 1,
    "content_type": 12,
    "object_id": "8",
    "object_repr": "Go Sport",
    "action_flag": 1,
    "change_message": "[{\"added\": {}}]"
  }
},
{
  "model": "admin.logentry",
  "pk": 29,
  "fields": {
    "action_time": "2022-06-26T11:57:09.924Z",
    "user": 1,
    "content_type": 15,
    "object_id": "5",
    "object_repr": "Ecouteurs Bluetooth Plug N Noirs (25)",
    "action_flag": 1,
    "change_message": "[{\"added\": {}}]"
  }
},
{
  "model": "admin.logentry",
  "pk": 30,
  "fields": {
    "action_time": "2022-06-26T11:58:12.352Z",
    "user": 1,
    "content_type": 15,
    "object_id": "6",
    "object_repr": "\u00c9couteurs Samsung Sans fil \u2013 Blanc (30)",
    "action_flag": 1,
    "change_message": "[{\"added\": {}}]"
  }
},
{
  "model": "admin.logentry",
  "pk": 31,
  "fields": {
    "action_time": "2022-06-26T12:03:18.945Z",
    "user": 1,
    "content_type": 15,
    "object_id": "7",
    "object_repr": "\u00c9couteurs Samsung Galaxy Buds+ Noir (20)",
    "action_flag": 1,
    "change_message": "[{\"added\": {}}]"
  }
},
{
  "model": "admin.logentry",
  "pk": 32,
  "fields": {
    "action_time": "2022-06-26T12:04:03.093Z",
    "user": 1,
    "content_type": 12,
    "object_id": "9",
    "object_repr": "Groov-e Bullet",
    "action_flag": 1,
    "change_message": "[{\"added\": {}}]"
  }
},
{
  "model": "admin.logentry",
  "pk": 33,
  "fields": {
    "action_time": "2022-06-26T12:05:51.550Z",
    "user": 1,
    "content_type": 15,
    "object_id": "8",
    "object_repr": "\u00c9couteurs bluetooth Groov-e Bullet\u2013 Argent (0)",
    "action_flag": 1,
    "change_message": "[{\"added\": {}}]"
  }
},
{
  "model": "admin.logentry",
  "pk": 34,
  "fields": {
    "action_time": "2022-06-26T12:06:05.602Z",
    "user": 1,
    "content_type": 15,
    "object_id": "8",
    "object_repr": "\u00c9couteurs bluetooth Groov-e Bullet\u2013 Argent (15)",
    "action_flag": 2,
    "change_message": "[{\"changed\": {\"fields\": [\"Marque\", \"Quantit\\u00e9 en stock\"]}}]"
  }
},
{
  "model": "admin.logentry",
  "pk": 35,
  "fields": {
    "action_time": "2022-06-26T12:07:22.932Z",
    "user": 1,
    "content_type": 15,
    "object_id": "9",
    "object_repr": "Adaptateur st\u00e9r\u00e9o Lightning \u2013 Blanc (35)",
    "action_flag": 1,
    "change_message": "[{\"added\": {}}]"
  }
},
{
  "model": "admin.logentry",
  "pk": 36,
  "fields": {
    "action_time": "2022-06-26T12:08:03.235Z",
    "user": 1,
    "content_type": 12,
    "object_id": "10",
    "object_repr": "Olixar",
    "action_flag": 1,
    "change_message": "[{\"added\": {}}]"
  }
},
{
  "model": "admin.logentry",
  "pk": 37,
  "fields": {
    "action_time": "2022-06-26T12:08:38.217Z",
    "user": 1,
    "content_type": 10,
    "object_id": "10",
    "object_repr": "Accessoire",
    "action_flag": 1,
    "change_message": "[{\"added\": {}}]"
  }
},
{
  "model": "admin.logentry",
  "pk": 38,
  "fields": {
    "action_time": "2022-06-26T12:09:36.529Z",
    "user": 1,
    "content_type": 15,
    "object_id": "10",
    "object_repr": "Prot\u00e8ge-c\u00e2bles universels \u2013 Noir & blanc \u2013 Pack de 6 (14)",
    "action_flag": 1,
    "change_message": "[{\"added\": {}}]"
  }
},
{
  "model": "admin.logentry",
  "pk": 39,
  "fields": {
    "action_time": "2022-06-26T12:09:44.866Z",
    "user": 1,
    "content_type": 15,
    "object_id": "10",
    "object_repr": "Prot\u00e8ge-c\u00e2bles universels \u2013 Noir & blanc \u2013 Pack de 6 (14)",
    "action_flag": 2,
    "change_message": "[{\"changed\": {\"fields\": [\"Category\", \"Marque\"]}}]"
  }
},
{
  "model": "admin.logentry",
  "pk": 40,
  "fields": {
    "action_time": "2022-06-26T12:12:49.221Z",
    "user": 1,
    "content_type": 12,
    "object_id": "11",
    "object_repr": "Scosche",
    "action_flag": 1,
    "change_message": "[{\"added\": {}}]"
  }
},
{
  "model": "admin.logentry",
  "pk": 41,
  "fields": {
    "action_time": "2022-06-26T12:14:35.318Z",
    "user": 1,
    "content_type": 15,
    "object_id": "11",
    "object_repr": "Adaptateur USB-C 3.5mm avec port de charge (32)",
    "action_flag": 1,
    "change_message": "[{\"added\": {}}]"
  }
},
{
  "model": "admin.logentry",
  "pk": 42,
  "fields": {
    "action_time": "2022-06-26T12:14:39.360Z",
    "user": 1,
    "content_type": 15,
    "object_id": "11",
    "object_repr": "Adaptateur USB-C 3.5mm avec port de charge (32)",
    "action_flag": 2,
    "change_message": "[{\"changed\": {\"fields\": [\"Marque\"]}}]"
  }
},
{
  "model": "admin.logentry",
  "pk": 43,
  "fields": {
    "action_time": "2022-06-26T12:18:51.922Z",
    "user": 1,
    "content_type": 12,
    "object_id": "12",
    "object_repr": "Oraimo",
    "action_flag": 1,
    "change_message": "[{\"added\": {}}]"
  }
},
{
  "model": "admin.logentry",
  "pk": 44,
  "fields": {
    "action_time": "2022-06-26T12:19:22.222Z",
    "user": 1,
    "content_type": 15,
    "object_id": "12",
    "object_repr": "Power Bank Oraimo 10000 mAh (17)",
    "action_flag": 1,
    "change_message": "[{\"added\": {}}]"
  }
},
{
  "model": "admin.logentry",
  "pk": 45,
  "fields": {
    "action_time": "2022-06-26T12:19:26.911Z",
    "user": 1,
    "content_type": 15,
    "object_id": "12",
    "object_repr": "Power Bank Oraimo 10000 mAh (17)",
    "action_flag": 2,
    "change_message": "[{\"changed\": {\"fields\": [\"Marque\"]}}]"
  }
},
{
  "model": "admin.logentry",
  "pk": 46,
  "fields": {
    "action_time": "2022-06-26T12:21:29.254Z",
    "user": 1,
    "content_type": 12,
    "object_id": "13",
    "object_repr": "Veho",
    "action_flag": 1,
    "change_message": "[{\"added\": {}}]"
  }
},
{
  "model": "admin.logentry",
  "pk": 47,
  "fields": {
    "action_time": "2022-06-26T12:21:36.511Z",
    "user": 1,
    "content_type": 15,
    "object_id": "13",
    "object_repr": "Casque Bluetooth Veho ZB-5 (0)",
    "action_flag": 1,
    "change_message": "[{\"added\": {}}]"
  }
},
{
  "model": "admin.logentry",
  "pk": 48,
  "fields": {
    "action_time": "2022-06-26T12:21:43.326Z",
    "user": 1,
    "content_type": 15,
    "object_id": "13",
    "object_repr": "Casque Bluetooth Veho ZB-5 (0)",
    "action_flag": 2,
    "change_message": "[{\"changed\": {\"fields\": [\"Marque\"]}}]"
  }
},
{
  "model": "admin.logentry",
  "pk": 49,
  "fields": {
    "action_time": "2022-06-30T16:12:54.740Z",
    "user": 1,
    "content_type": 15,
    "object_id": "2",
    "object_repr": "casque gaming blanc (14)",
    "action_flag": 2,
    "change_message": "[{\"changed\": {\"fields\": [\"Description\"]}}]"
  }
},
{
  "model": "admin.logentry",
  "pk": 50,
  "fields": {
    "action_time": "2022-07-13T20:49:32.059Z",
    "user": 1,
    "content_type": 15,
    "object_id": "14",
    "object_repr": "Lot de haut parleur CP-link (10)",
    "action_flag": 1,
    "change_message": "[{\"added\": {}}]"
  }
},
{
  "model": "admin.logentry",
  "pk": 51,
  "fields": {
    "action_time": "2022-07-13T20:50:31.318Z",
    "user": 1,
    "content_type": 1,
    "object_id": "2",
    "object_repr": "th\u00e8me2",
    "action_flag": 2,
    "change_message": "[{\"changed\": {\"fields\": [\"Logo\"]}}]"
  }
},
{
  "model": "admin.logentry",
  "pk": 52,
  "fields": {
    "action_time": "2022-07-13T20:55:49.139Z",
    "user": 1,
    "content_type": 1,
    "object_id": "2",
    "object_repr": "th\u00e8me2",
    "action_flag": 2,
    "change_message": "[{\"changed\": {\"fields\": [\"Logo\"]}}]"
  }
},
{
  "model": "admin.logentry",
  "pk": 53,
  "fields": {
    "action_time": "2022-07-13T20:56:22.128Z",
    "user": 1,
    "content_type": 1,
    "object_id": "3",
    "object_repr": "T-Shop",
    "action_flag": 1,
    "change_message": "[{\"added\": {}}]"
  }
},
{
  "model": "admin.logentry",
  "pk": 54,
  "fields": {
    "action_time": "2022-07-13T20:56:36.130Z",
    "user": 1,
    "content_type": 1,
    "object_id": "3",
    "object_repr": "T-Shop",
    "action_flag": 2,
    "change_message": "[{\"changed\": {\"fields\": [\"Active\"]}}]"
  }
},
{
  "model": "admin.logentry",
  "pk": 55,
  "fields": {
    "action_time": "2022-07-13T20:56:36.232Z",
    "user": 1,
    "content_type": 1,
    "object_id": "2",
    "object_repr": "th\u00e8me2",
    "action_flag": 2,
    "change_message": "[{\"changed\": {\"fields\": [\"Active\"]}}]"
  }
},
{
  "model": "admin.logentry",
  "pk": 56,
  "fields": {
    "action_time": "2022-07-13T20:56:55.947Z",
    "user": 1,
    "content_type": 1,
    "object_id": "2",
    "object_repr": "th\u00e8me2",
    "action_flag": 2,
    "change_message": "[{\"changed\": {\"fields\": [\"Name\"]}}]"
  }
},
{
  "model": "admin.logentry",
  "pk": 57,
  "fields": {
    "action_time": "2022-07-13T20:57:22.323Z",
    "user": 1,
    "content_type": 1,
    "object_id": "2",
    "object_repr": "th\u00e8me2",
    "action_flag": 2,
    "change_message": "[{\"changed\": {\"fields\": [\"Title\"]}}]"
  }
},
{
  "model": "admin.logentry",
  "pk": 58,
  "fields": {
    "action_time": "2022-07-13T20:58:21.634Z",
    "user": 1,
    "content_type": 12,
    "object_id": "14",
    "object_repr": "Cp-Link",
    "action_flag": 1,
    "change_message": "[{\"added\": {}}]"
  }
},
{
  "model": "admin.logentry",
  "pk": 59,
  "fields": {
    "action_time": "2022-07-13T20:58:25.362Z",
    "user": 1,
    "content_type": 15,
    "object_id": "14",
    "object_repr": "Lot de haut parleur CP-link (10)",
    "action_flag": 2,
    "change_message": "[]"
  }
},
{
  "model": "admin.logentry",
  "pk": 60,
  "fields": {
    "action_time": "2022-07-13T20:58:33.323Z",
    "user": 1,
    "content_type": 15,
    "object_id": "14",
    "object_repr": "Lot de haut parleur CP-link (10)",
    "action_flag": 2,
    "change_message": "[{\"changed\": {\"fields\": [\"Marque\"]}}]"
  }
},
{
  "model": "admin.logentry",
  "pk": 61,
  "fields": {
    "action_time": "2022-07-13T21:11:09.059Z",
    "user": 1,
    "content_type": 17,
    "object_id": "1",
    "object_repr": "Tag object (1)",
    "action_flag": 1,
    "change_message": "[{\"added\": {}}]"
  }
},
{
  "model": "admin.logentry",
  "pk": 62,
  "fields": {
    "action_time": "2022-07-13T21:11:19.905Z",
    "user": 1,
    "content_type": 15,
    "object_id": "14",
    "object_repr": "Lot de haut parleur CP-link (10)",
    "action_flag": 2,
    "change_message": "[]"
  }
},
{
  "model": "admin.logentry",
  "pk": 63,
  "fields": {
    "action_time": "2022-07-13T21:11:53.509Z",
    "user": 1,
    "content_type": 15,
    "object_id": "14",
    "object_repr": "Lot de haut parleur CP-link (10)",
    "action_flag": 2,
    "change_message": "[{\"changed\": {\"fields\": [\"Tag\"]}}]"
  }
},
{
  "model": "admin.logentry",
  "pk": 64,
  "fields": {
    "action_time": "2022-07-14T09:45:45.468Z",
    "user": 1,
    "content_type": 1,
    "object_id": "2",
    "object_repr": "th\u00e8me2",
    "action_flag": 2,
    "change_message": "[{\"changed\": {\"fields\": [\"Logo\"]}}]"
  }
},
{
  "model": "admin.logentry",
  "pk": 65,
  "fields": {
    "action_time": "2022-07-14T09:48:48.040Z",
    "user": 1,
    "content_type": 1,
    "object_id": "2",
    "object_repr": "th\u00e8me2",
    "action_flag": 2,
    "change_message": "[{\"changed\": {\"fields\": [\"Color\"]}}]"
  }
},
{
  "model": "admin.logentry",
  "pk": 66,
  "fields": {
    "action_time": "2022-07-17T02:45:24.555Z",
    "user": 1,
    "content_type": 15,
    "object_id": "1",
    "object_repr": "Coque iPhone 11 Gris Olixar (28)",
    "action_flag": 2,
    "change_message": "[{\"changed\": {\"fields\": [\"Tag\", \"Description\"]}}]"
  }
},
{
  "model": "admin.logentry",
  "pk": 67,
  "fields": {
    "action_time": "2022-07-17T03:08:30.206Z",
    "user": 1,
    "content_type": 15,
    "object_id": "1",
    "object_repr": "Coque iPhone 11 Gris Olixar (28)",
    "action_flag": 2,
    "change_message": "[{\"added\": {\"name\": \"product image\", \"object\": \"ProductImage object (1)\"}}]"
  }
},
{
  "model": "admin.logentry",
  "pk": 68,
  "fields": {
    "action_time": "2022-07-17T09:17:07.213Z",
    "user": 1,
    "content_type": 15,
    "object_id": "1",
    "object_repr": "Coque iPhone 11 Olixar (28)",
    "action_flag": 2,
    "change_message": "[{\"changed\": {\"fields\": [\"Nom du produit\", \"Slug\", \"Description\"]}}]"
  }
},
{
  "model": "admin.logentry",
  "pk": 69,
  "fields": {
    "action_time": "2022-07-17T09:19:07.550Z",
    "user": 1,
    "content_type": 15,
    "object_id": "1",
    "object_repr": "Coque iPhone 11 Olixar (28)",
    "action_flag": 2,
    "change_message": "[{\"added\": {\"name\": \"product image\", \"object\": \"ProductImage object (2)\"}}]"
  }
},
{
  "model": "admin.logentry",
  "pk": 70,
  "fields": {
    "action_time": "2022-07-17T09:21:48.459Z",
    "user": 1,
    "content_type": 15,
    "object_id": "13",
    "object_repr": "Casque Bluetooth Veho ZB-5 (0)",
    "action_flag": 2,
    "change_message": "[{\"changed\": {\"fields\": [\"Description\"]}}, {\"added\": {\"name\": \"product image\", \"object\": \"ProductImage object (3)\"}}]"
  }
},
{
  "model": "admin.logentry",
  "pk": 71,
  "fields": {
    "action_time": "2022-07-17T09:23:31.645Z",
    "user": 1,
    "content_type": 15,
    "object_id": "13",
    "object_repr": "Casque Bluetooth Veho ZB-5 (0)",
    "action_flag": 2,
    "change_message": "[]"
  }
},
{
  "model": "admin.logentry",
  "pk": 72,
  "fields": {
    "action_time": "2022-07-17T09:27:53.725Z",
    "user": 1,
    "content_type": 15,
    "object_id": "15",
    "object_repr": "Olixar Genuine Leather iPhone 12 Pro Case (33)",
    "action_flag": 1,
    "change_message": "[{\"added\": {}}, {\"added\": {\"name\": \"product image\", \"object\": \"ProductImage object (4)\"}}, {\"added\": {\"name\": \"product image\", \"object\": \"ProductImage object (5)\"}}, {\"added\": {\"name\": \"product image\", \"object\": \"ProductImage object (6)\"}}]"
  }
},
{
  "model": "admin.logentry",
  "pk": 73,
  "fields": {
    "action_time": "2022-07-17T09:30:13.831Z",
    "user": 1,
    "content_type": 15,
    "object_id": "15",
    "object_repr": "Olixar Genuine Leather iPhone 12 Pro Case (33)",
    "action_flag": 2,
    "change_message": "[{\"changed\": {\"name\": \"product image\", \"object\": \"ProductImage object (5)\", \"fields\": [\"Photos du produit\"]}}]"
  }
},
{
  "model": "admin.logentry",
  "pk": 74,
  "fields": {
    "action_time": "2022-07-17T09:46:35.816Z",
    "user": 1,
    "content_type": 15,
    "object_id": "15",
    "object_repr": "Olixar Genuine Leather iPhone 12 Pro Case (33)",
    "action_flag": 2,
    "change_message": "[]"
  }
},
{
  "model": "admin.logentry",
  "pk": 75,
  "fields": {
    "action_time": "2022-07-17T11:29:56.247Z",
    "user": 1,
    "content_type": 15,
    "object_id": "14",
    "object_repr": "Lot de haut parleur CP-link (10)",
    "action_flag": 2,
    "change_message": "[{\"added\": {\"name\": \"product image\", \"object\": \"ProductImage object (7)\"}}]"
  }
},
{
  "model": "admin.logentry",
  "pk": 76,
  "fields": {
    "action_time": "2022-07-17T11:30:25.493Z",
    "user": 1,
    "content_type": 15,
    "object_id": "12",
    "object_repr": "Power Bank Oraimo 10000 mAh (17)",
    "action_flag": 2,
    "change_message": "[{\"changed\": {\"fields\": [\"Description\"]}}, {\"added\": {\"name\": \"product image\", \"object\": \"ProductImage object (8)\"}}]"
  }
},
{
  "model": "admin.logentry",
  "pk": 77,
  "fields": {
    "action_time": "2022-07-17T11:30:56.961Z",
    "user": 1,
    "content_type": 15,
    "object_id": "11",
    "object_repr": "Adaptateur USB-C 3.5mm avec port de charge (32)",
    "action_flag": 2,
    "change_message": "[{\"changed\": {\"fields\": [\"Description\"]}}, {\"added\": {\"name\": \"product image\", \"object\": \"ProductImage object (9)\"}}]"
  }
},
{
  "model": "admin.logentry",
  "pk": 78,
  "fields": {
    "action_time": "2022-07-17T11:31:31.261Z",
    "user": 1,
    "content_type": 15,
    "object_id": "11",
    "object_repr": "Adaptateur USB-C 3.5mm avec port de charge (32)",
    "action_flag": 2,
    "change_message": "[]"
  }
},
{
  "model": "admin.logentry",
  "pk": 79,
  "fields": {
    "action_time": "2022-07-17T11:31:47.216Z",
    "user": 1,
    "content_type": 15,
    "object_id": "10",
    "object_repr": "Prot\u00e8ge-c\u00e2bles universels \u2013 Noir & blanc \u2013 Pack de 6 (14)",
    "action_flag": 2,
    "change_message": "[{\"changed\": {\"fields\": [\"Description\"]}}, {\"added\": {\"name\": \"product image\", \"object\": \"ProductImage object (10)\"}}]"
  }
},
{
  "model": "admin.logentry",
  "pk": 80,
  "fields": {
    "action_time": "2022-07-17T11:32:07.541Z",
    "user": 1,
    "content_type": 15,
    "object_id": "9",
    "object_repr": "Adaptateur st\u00e9r\u00e9o Lightning \u2013 Blanc (35)",
    "action_flag": 2,
    "change_message": "[{\"changed\": {\"fields\": [\"Description\"]}}, {\"added\": {\"name\": \"product image\", \"object\": \"ProductImage object (11)\"}}]"
  }
},
{
  "model": "admin.logentry",
  "pk": 81,
  "fields": {
    "action_time": "2022-07-17T11:32:33.085Z",
    "user": 1,
    "content_type": 15,
    "object_id": "8",
    "object_repr": "\u00c9couteurs bluetooth Groov-e Bullet\u2013 Argent (15)",
    "action_flag": 2,
    "change_message": "[{\"changed\": {\"fields\": [\"Description\"]}}, {\"added\": {\"name\": \"product image\", \"object\": \"ProductImage object (12)\"}}]"
  }
},
{
  "model": "admin.logentry",
  "pk": 82,
  "fields": {
    "action_time": "2022-07-17T11:33:13.064Z",
    "user": 1,
    "content_type": 15,
    "object_id": "7",
    "object_repr": "\u00c9couteurs Samsung Galaxy Buds+ Noir (20)",
    "action_flag": 2,
    "change_message": "[{\"changed\": {\"fields\": [\"Description\"]}}, {\"added\": {\"name\": \"product image\", \"object\": \"ProductImage object (13)\"}}]"
  }
},
{
  "model": "admin.logentry",
  "pk": 83,
  "fields": {
    "action_time": "2022-07-17T11:33:46.597Z",
    "user": 1,
    "content_type": 15,
    "object_id": "6",
    "object_repr": "\u00c9couteurs Samsung Sans fil \u2013 Blanc (30)",
    "action_flag": 2,
    "change_message": "[{\"changed\": {\"fields\": [\"Description\"]}}, {\"added\": {\"name\": \"product image\", \"object\": \"ProductImage object (14)\"}}]"
  }
},
{
  "model": "admin.logentry",
  "pk": 84,
  "fields": {
    "action_time": "2022-07-17T11:34:07.227Z",
    "user": 1,
    "content_type": 15,
    "object_id": "5",
    "object_repr": "Ecouteurs Bluetooth Plug N Noirs (25)",
    "action_flag": 2,
    "change_message": "[{\"changed\": {\"fields\": [\"Description\"]}}, {\"added\": {\"name\": \"product image\", \"object\": \"ProductImage object (15)\"}}]"
  }
},
{
  "model": "admin.logentry",
  "pk": 85,
  "fields": {
    "action_time": "2022-07-17T11:34:45.606Z",
    "user": 1,
    "content_type": 15,
    "object_id": "4",
    "object_repr": "Adaptateur audio Samsung USB-C (40)",
    "action_flag": 2,
    "change_message": "[{\"changed\": {\"fields\": [\"Description\"]}}, {\"added\": {\"name\": \"product image\", \"object\": \"ProductImage object (16)\"}}]"
  }
},
{
  "model": "admin.logentry",
  "pk": 86,
  "fields": {
    "action_time": "2022-07-17T11:35:13.709Z",
    "user": 1,
    "content_type": 15,
    "object_id": "3",
    "object_repr": "Coque AirPods Noir (50)",
    "action_flag": 2,
    "change_message": "[{\"changed\": {\"fields\": [\"Description\"]}}, {\"added\": {\"name\": \"product image\", \"object\": \"ProductImage object (17)\"}}]"
  }
},
{
  "model": "admin.logentry",
  "pk": 87,
  "fields": {
    "action_time": "2022-07-17T11:35:35.818Z",
    "user": 1,
    "content_type": 15,
    "object_id": "2",
    "object_repr": "casque gaming blanc (14)",
    "action_flag": 2,
    "change_message": "[{\"added\": {\"name\": \"product image\", \"object\": \"ProductImage object (18)\"}}]"
  }
},
{
  "model": "admin.logentry",
  "pk": 88,
  "fields": {
    "action_time": "2022-07-17T13:09:32.619Z",
    "user": 1,
    "content_type": 15,
    "object_id": "1",
    "object_repr": "Coque iPhone 11 Olixar (28)",
    "action_flag": 2,
    "change_message": "[{\"changed\": {\"name\": \"product image\", \"object\": \"ProductImage object (1)\", \"fields\": [\"Photos du produit\"]}}]"
  }
},
{
  "model": "admin.logentry",
  "pk": 89,
  "fields": {
    "action_time": "2022-07-17T13:20:00.543Z",
    "user": 1,
    "content_type": 15,
    "object_id": "1",
    "object_repr": "Coque iPhone 11 Olixar (28)",
    "action_flag": 2,
    "change_message": "[{\"changed\": {\"fields\": [\"Description\"]}}]"
  }
},
{
  "model": "admin.logentry",
  "pk": 90,
  "fields": {
    "action_time": "2022-07-25T17:46:59.560Z",
    "user": 1,
    "content_type": 1,
    "object_id": "2",
    "object_repr": "th\u00e8me2",
    "action_flag": 2,
    "change_message": "[{\"changed\": {\"fields\": [\"Active\"]}}]"
  }
},
{
  "model": "admin.logentry",
  "pk": 91,
  "fields": {
    "action_time": "2022-07-25T17:46:59.619Z",
    "user": 1,
    "content_type": 1,
    "object_id": "1",
    "object_repr": "Django",
    "action_flag": 2,
    "change_message": "[{\"changed\": {\"fields\": [\"Active\"]}}]"
  }
},
{
  "model": "admin.logentry",
  "pk": 92,
  "fields": {
    "action_time": "2022-07-25T17:47:12.438Z",
    "user": 1,
    "content_type": 1,
    "object_id": "1",
    "object_repr": "Django",
    "action_flag": 2,
    "change_message": "[{\"changed\": {\"fields\": [\"Active\"]}}]"
  }
},
{
  "model": "admin.logentry",
  "pk": 93,
  "fields": {
    "action_time": "2022-07-25T17:47:20.876Z",
    "user": 1,
    "content_type": 1,
    "object_id": "1",
    "object_repr": "Django",
    "action_flag": 2,
    "change_message": "[{\"changed\": {\"fields\": [\"Active\"]}}]"
  }
},
{
  "model": "admin.logentry",
  "pk": 94,
  "fields": {
    "action_time": "2022-07-25T17:51:49.145Z",
    "user": 1,
    "content_type": 1,
    "object_id": "2",
    "object_repr": "th\u00e8me2",
    "action_flag": 2,
    "change_message": "[{\"changed\": {\"fields\": [\"Active\"]}}]"
  }
},
{
  "model": "admin.logentry",
  "pk": 95,
  "fields": {
    "action_time": "2022-07-25T17:51:49.175Z",
    "user": 1,
    "content_type": 1,
    "object_id": "1",
    "object_repr": "Django",
    "action_flag": 2,
    "change_message": "[{\"changed\": {\"fields\": [\"Active\"]}}]"
  }
},
{
  "model": "admin.logentry",
  "pk": 96,
  "fields": {
    "action_time": "2022-07-31T22:57:55.275Z",
    "user": 1,
    "content_type": 8,
    "object_id": "2",
    "object_repr": "http://127.0.0.1:8000",
    "action_flag": 1,
    "change_message": "[{\"added\": {}}]"
  }
},
{
  "model": "admin.logentry",
  "pk": 97,
  "fields": {
    "action_time": "2022-07-31T22:58:11.711Z",
    "user": 1,
    "content_type": 8,
    "object_id": "2",
    "object_repr": "127.0.0.1:8000",
    "action_flag": 2,
    "change_message": "[{\"changed\": {\"fields\": [\"Domain name\", \"Display name\"]}}]"
  }
},
{
  "model": "admin.logentry",
  "pk": 98,
  "fields": {
    "action_time": "2022-07-31T22:58:49.700Z",
    "user": 1,
    "content_type": 22,
    "object_id": "1",
    "object_repr": "OauthApp",
    "action_flag": 1,
    "change_message": "[{\"added\": {}}]"
  }
},
{
  "model": "admin.logentry",
  "pk": 99,
  "fields": {
    "action_time": "2022-08-04T14:44:25.195Z",
    "user": 1,
    "content_type": 15,
    "object_id": "1",
    "object_repr": "Coque iPhone 11 Olixar (28)",
    "action_flag": 2,
    "change_message": "[{\"changed\": {\"fields\": [\"Tag\"]}}]"
  }
},
{
  "model": "admin.logentry",
  "pk": 100,
  "fields": {
    "action_time": "2022-08-04T15:06:22.914Z",
    "user": 1,
    "content_type": 12,
    "object_id": "15",
    "object_repr": "Sony",
    "action_flag": 1,
    "change_message": "[{\"added\": {}}]"
  }
},
{
  "model": "admin.logentry",
  "pk": 101,
  "fields": {
    "action_time": "2022-08-04T15:07:11.072Z",
    "user": 1,
    "content_type": 15,
    "object_id": "16",
    "object_repr": "Family Pack (5)",
    "action_flag": 1,
    "change_message": "[{\"added\": {}}, {\"added\": {\"name\": \"photo de Produit\", \"object\": \"Family Pack\"}}]"
  }
},
{
  "model": "admin.logentry",
  "pk": 102,
  "fields": {
    "action_time": "2022-08-04T15:13:07.382Z",
    "user": 1,
    "content_type": 12,
    "object_id": "16",
    "object_repr": "Denon",
    "action_flag": 1,
    "change_message": "[{\"added\": {}}]"
  }
},
{
  "model": "admin.logentry",
  "pk": 103,
  "fields": {
    "action_time": "2022-08-04T15:14:08.057Z",
    "user": 1,
    "content_type": 15,
    "object_id": "17",
    "object_repr": "Ultra HD Sounds (3)",
    "action_flag": 1,
    "change_message": "[{\"added\": {}}, {\"added\": {\"name\": \"photo de Produit\", \"object\": \"Ultra HD Sounds\"}}]"
  }
},
{
  "model": "admin.logentry",
  "pk": 104,
  "fields": {
    "action_time": "2022-08-04T15:17:54.998Z",
    "user": 1,
    "content_type": 19,
    "object_id": "1",
    "object_repr": "djofangulrich05@gmail.com",
    "action_flag": 2,
    "change_message": "[{\"changed\": {\"fields\": [\"Verified\", \"Primary\"]}}]"
  }
}
]
